recorded_at,eid,season,week,kickoff,away,home,home_partid,away_partid,market,side,label,spread_line,book_odds,model_prob,edge,ev,home_score,away_score,result,profit
2026-09-09T18:07:27+00:00,4798175,2026.0,1,2026-09-14T00:20:00+00:00,DAL,NYG,1535,1538,moneyline,home,NYG ML,-3.0,136.0,0.478985,0.055256,0.130404,28.0,20.0,win,1.3600000000000003
2026-09-09T18:07:27+00:00,4798175,2026.0,1,2026-09-14T00:20:00+00:00,DAL,NYG,1535,1538,spread,home,NYG +3,-3.0,-115.0,0.569056,0.034172,0.063887,28.0,20.0,win,0.8695652173913042
2026-09-09T18:07:27+00:00,4798259,2026.0,1,2026-09-10T00:20:00+00:00,NE,SEA,1548,1525,spread,home,SEA -3,3.0,-115.0,0.580152,0.045268,0.084632,13.0,10.0,push,0.0
2026-09-09T18:07:27+00:00,4798260,2026.0,1,2026-09-13T17:00:00+00:00,CHI,CAR,1545,1540,spread,home,CAR +3,-3.0,-105.0,0.553052,0.040857,0.079768,37.0,59.0,loss,-1.0
2026-09-09T18:07:27+00:00,4798261,2026.0,1,2026-09-13T17:00:00+00:00,BAL,IND,1527,1521,moneyline,home,IND ML,-3.5,154.0,0.541138,0.147437,0.374489,23.0,41.0,loss,-1.0
2026-09-09T18:07:27+00:00,4798261,2026.0,1,2026-09-13T17:00:00+00:00,BAL,IND,1527,1521,spread,home,IND +3.5,-3.5,-116.0,0.643471,0.106434,0.198188,23.0,41.0,loss,-1.0
2026-09-09T18:07:27+00:00,4798263,2026.0,1,2026-09-13T17:00:00+00:00,TB,CIN,1522,1544,moneyline,away,TB ML,4.0,170.0,0.486605,0.116235,0.313833,33.0,27.0,loss,-1.0
2026-09-09T18:07:27+00:00,4798263,2026.0,1,2026-09-13T17:00:00+00:00,TB,CIN,1522,1544,spread,away,TB +4,4.0,-110.0,0.6059,0.082091,0.156718,33.0,27.0,loss,-1.0
2026-09-09T18:07:27+00:00,4798267,2026.0,1,2026-09-13T20:25:00+00:00,ARI,LAC,75380,1549,moneyline,away,ARI ML,9.5,371.0,0.311305,0.098991,0.466247,14.0,26.0,win,3.71
2026-09-09T18:07:27+00:00,4798267,2026.0,1,2026-09-13T20:25:00+00:00,ARI,LAC,75380,1549,spread,away,ARI +9.5,9.5,-110.0,0.589261,0.065452,0.124953,14.0,26.0,win,0.9090909090909092
2026-09-09T18:07:27+00:00,4798269,2026.0,1,2026-09-13T20:25:00+00:00,MIA,LV,1533,1524,moneyline,away,MIA ML,3.5,160.0,0.50711,0.122495,0.318486,27.0,13.0,loss,-1.0
2026-09-09T18:07:27+00:00,4798269,2026.0,1,2026-09-13T20:25:00+00:00,MIA,LV,1533,1524,spread,away,MIA +3.5,3.5,-112.0,0.611134,0.082832,0.156789,27.0,13.0,loss,-1.0
2026-09-15T15:11:43+00:00,4798194,2026.0,2,2026-09-18T00:15:00+00:00,DET,BUF,1526,1539,spread,away,DET +4.5,4.5,-102.0,0.538349,0.033398,0.066142,41.0,31.0,loss,-1.0
2026-09-15T15:11:43+00:00,4798287,2026.0,2,2026-09-20T17:00:00+00:00,MIN,CHI,1540,1541,spread,away,MIN +5.5,5.5,-105.0,0.576778,0.064583,0.126091,3.0,9.0,win,0.9523809523809524
2026-09-15T15:11:43+00:00,4798289,2026.0,2,2026-09-20T17:00:00+00:00,CAR,ATL,1546,1545,spread,home,ATL +2,-2.0,-102.0,0.678091,0.17314,0.342886,3.0,34.0,loss,-1.0
2026-09-15T15:11:43+00:00,4798291,2026.0,2,2026-09-20T17:00:00+00:00,GB,NYJ,1523,1542,spread,away,GB -3.5,-3.5,-110.0,0.594863,0.071053,0.135647,17.0,20.0,loss,-1.0
2026-09-15T15:11:43+00:00,4798296,2026.0,2,2026-09-20T17:00:00+00:00,CIN,HOU,1530,1522,spread,home,HOU -3,3.0,109.0,0.625102,0.146633,0.306464,6.0,20.0,loss,-1.0
2026-09-15T15:11:43+00:00,4798298,2026.0,2,2026-09-20T17:00:00+00:00,CLE,TB,1544,1520,spread,away,CLE +9,9.0,-115.0,0.623899,0.089015,0.166419,19.0,23.0,win,0.8695652173913042
2026-09-15T15:11:43+00:00,4798300,2026.0,2,2026-09-20T20:05:00+00:00,JAX,DEN,1534,1529,spread,away,JAX +2.5,2.5,-103.0,0.548204,0.040815,0.080441,20.0,13.0,loss,-1.0
2026-09-15T15:11:43+00:00,4798303,2026.0,2,2026-09-20T20:05:00+00:00,LV,LAC,75380,1533,spread,home,LAC -7,7.0,-105.0,0.546836,0.034641,0.067633,14.0,26.0,loss,-1.0
2026-09-15T15:11:43+00:00,4798304,2026.0,2,2026-09-20T20:25:00+00:00,SEA,ARI,1549,1548,spread,away,SEA -4,-4.0,-108.0,0.642093,0.122862,0.236623,7.0,31.0,win,0.925925925925926
2026-09-15T15:11:43+00:00,4798305,2026.0,2,2026-09-20T20:25:00+00:00,MIA,SF,1547,1524,spread,away,MIA +13.5,13.5,-110.0,0.649066,0.125256,0.239125,35.0,13.0,loss,-1.0
2026-09-15T15:11:43+00:00,4798307,2026.0,2,2026-09-21T00:20:00+00:00,IND,KC,1531,1527,spread,away,IND +6.5,6.5,100.0,0.596566,0.096566,0.193131,33.0,30.0,win,1.0
2026-09-24T14:09:44+00:00,4798310,2026.0,3,2026-09-27T17:00:00+00:00,KC,MIA,1524,1531,spread,home,MIA +11.5,-11.5,-114.0,0.664352,0.131642,0.247117,10.0,24.0,loss,-1.0
2026-09-24T14:09:44+00:00,4798311,2026.0,3,2026-09-27T17:00:00+00:00,CAR,CLE,1520,1545,spread,home,CLE +2.5,-2.5,104.0,0.631356,0.14116,0.287965,21.0,18.0,win,1.04
2026-09-24T14:09:44+00:00,4798312,2026.0,3,2026-09-27T17:00:00+00:00,TEN,NYG,1535,1528,spread,home,NYG -3,3.0,-107.0,0.699637,0.182729,0.353503,12.0,7.0,win,0.9345794392523366
2026-09-24T14:09:44+00:00,4798313,2026.0,3,2026-09-27T17:00:00+00:00,NE,JAX,1529,1525,spread,home,JAX -3,3.0,-105.0,0.611772,0.099577,0.194412,35.0,6.0,win,0.9523809523809524
2026-09-24T14:09:44+00:00,4798314,2026.0,3,2026-09-27T17:00:00+00:00,LAC,BUF,1526,75380,spread,home,BUF -7.5,7.5,100.0,0.56428,0.06428,0.12856,24.0,16.0,win,1.0
2026-09-24T14:09:44+00:00,4798315,2026.0,3,2026-09-27T17:00:00+00:00,NYJ,DET,1539,1523,spread,home,DET -6.5,6.5,-114.0,0.644055,0.111345,0.209015,31.0,24.0,win,0.8771929824561404
2026-09-24T14:09:44+00:00,4798317,2026.0,3,2026-09-27T17:00:00+00:00,SEA,WAS,1537,1548,spread,home,WAS +7,-7.0,-105.0,0.563672,0.051476,0.100502,33.0,31.0,win,0.9523809523809524
2026-09-24T14:09:44+00:00,4798318,2026.0,3,2026-09-27T17:00:00+00:00,CIN,PIT,1519,1522,spread,home,PIT +3.5,-3.5,-110.0,0.655184,0.131374,0.250805,30.0,27.0,win,0.9090909090909092
2026-09-24T14:09:44+00:00,4798319,2026.0,3,2026-09-27T20:05:00+00:00,ARI,SF,1547,1549,spread,home,SF -8.5,8.5,-105.0,0.56919,0.056994,0.111275,36.0,30.0,loss,-1.0
2026-09-24T14:09:44+00:00,4798322,2026.0,3,2026-09-28T00:20:00+00:00,LA,DEN,1534,1550,spread,home,DEN +2.5,-2.5,-106.0,0.586502,0.071939,0.139806,30.0,26.0,win,0.9433962264150944
2026-09-24T14:09:44+00:00,4798323,2026.0,3,2026-09-29T00:15:00+00:00,PHI,CHI,1540,1536,spread,home,CHI +4.5,-4.5,-105.0,0.73174,0.219545,0.428635,27.0,7.0,win,0.9523809523809524
2026-10-01T13:26:29+00:00,4798232,2026.0,4,2026-10-04T13:30:00+00:00,IND,WAS,1537,1527,spread,home,WAS +3.5,-3.5,-105.0,0.543743,0.031548,0.061594,13.0,30.0,loss,-1.0
2026-10-01T13:26:29+00:00,4798324,2026.0,4,2026-10-02T00:15:00+00:00,PIT,CLE,1520,1519,spread,home,CLE +2.5,-2.5,100.0,0.605672,0.105672,0.211345,27.0,24.0,win,1.0
2026-10-01T13:26:29+00:00,4798325,2026.0,4,2026-10-04T17:00:00+00:00,ARI,NYG,1535,1549,spread,home,NYG +2.5,-2.5,-109.0,0.689471,0.16794,0.322014,36.0,24.0,win,0.9174311926605504
2026-10-01T13:26:29+00:00,4798327,2026.0,4,2026-10-04T17:00:00+00:00,NYJ,CHI,1540,1523,spread,home,CHI -3,3.0,-120.0,0.722565,0.177111,0.324703,23.0,12.0,win,0.8333333333333335
2026-10-01T13:26:29+00:00,4798329,2026.0,4,2026-10-04T17:00:00+00:00,LA,PHI,1536,1550,spread,home,PHI +3,-3.0,-105.0,0.622792,0.110597,0.215928,20.0,24.0,loss,-1.0
2026-10-01T13:26:29+00:00,4798330,2026.0,4,2026-10-04T17:00:00+00:00,GB,TB,1544,1542,spread,home,TB +3.5,-3.5,-112.0,0.625528,0.097226,0.184036,14.0,17.0,win,0.8928571428571428
2026-10-01T13:26:29+00:00,4798331,2026.0,4,2026-10-04T17:00:00+00:00,TEN,BAL,1521,1528,spread,home,BAL -11.5,11.5,-110.0,0.5675,0.04369,0.083409,24.0,18.0,loss,-1.0
2026-10-01T13:26:29+00:00,4798332,2026.0,4,2026-10-04T17:00:00+00:00,JAX,CIN,1522,1529,spread,away,JAX +2.5,2.5,107.0,0.612514,0.129422,0.267903,17.0,22.0,win,1.0700000000000005
2026-10-01T13:26:29+00:00,4798335,2026.0,4,2026-10-04T20:25:00+00:00,LAC,SEA,1548,75380,spread,home,SEA -7,7.0,-113.0,0.685287,0.154771,0.291737,30.0,23.0,push,0.0
2026-10-01T13:26:29+00:00,4798336,2026.0,4,2026-10-04T20:25:00+00:00,DEN,SF,1547,1534,spread,home,SF -3,3.0,-100.0,0.680345,0.180345,0.36069,24.0,14.0,win,1.0
2026-10-01T13:26:29+00:00,4798338,2026.0,4,2026-10-06T00:15:00+00:00,ATL,NO,1543,1546,spread,home,NO -2.5,2.5,-116.0,0.589829,0.052792,0.098302,24.0,45.0,loss,-1.0
2026-10-08T17:42:27+00:00,4798233,2026.0,5,2026-10-11T13:30:00+00:00,PHI,JAX,1529,1536,spread,home,JAX -7.5,7.5,-110.0,0.578479,0.054669,0.104369,,,,
2026-10-08T17:42:27+00:00,4798339,2026.0,5,2026-10-09T00:15:00+00:00,TB,DAL,1538,1544,spread,away,TB +8.5,8.5,-103.0,0.642018,0.134629,0.265337,,,,
2026-10-08T17:42:27+00:00,4798340,2026.0,5,2026-10-11T17:00:00+00:00,CLE,NYJ,1523,1520,spread,away,CLE +2.5,2.5,-105.0,0.598085,0.08589,0.16769,,,,
2026-10-08T17:42:27+00:00,4798342,2026.0,5,2026-10-11T17:00:00+00:00,LV,NE,1525,1533,spread,home,NE -4,4.0,-101.0,0.53322,0.030733,0.061161,,,,
2026-10-08T17:42:27+00:00,4798346,2026.0,5,2026-10-11T17:00:00+00:00,IND,PIT,1519,1527,spread,away,IND +2.5,2.5,-105.0,0.545825,0.03363,0.065659,,,,
2026-10-08T17:42:27+00:00,4798347,2026.0,5,2026-10-11T20:05:00+00:00,DEN,LAC,75380,1534,spread,home,LAC +3,-3.0,100.0,0.555659,0.055659,0.111319,,,,
2026-10-08T17:42:27+00:00,4798349,2026.0,5,2026-10-11T20:25:00+00:00,DET,ARI,1549,1539,spread,away,DET -5.5,-5.5,-110.0,0.571076,0.047267,0.090237,,,,
2026-10-08T17:42:27+00:00,4798351,2026.0,5,2026-10-12T00:20:00+00:00,BAL,ATL,1546,1521,spread,away,BAL +3,3.0,100.0,0.717324,0.217324,0.434648,,,,
2026-10-08T17:42:27+00:00,4798352,2026.0,5,2026-10-13T00:15:00+00:00,BUF,LA,1550,1526,spread,away,BUF +3,3.0,102.0,0.644884,0.149835,0.302666,,,,
