recorded_at,eid,season,week,kickoff,away,home,home_partid,away_partid,model_margin,market_line,home_score,away_score,actual_margin,model_error,market_error
2026-09-11T14:59:44+00:00,4798105,2026.0,1,2026-09-11T00:35:00+00:00,SF,LA,1550,1547,4.1,3.5,7.0,27.0,-20.0,24.1,23.5
2026-09-11T14:59:44+00:00,4798175,2026.0,1,2026-09-14T00:20:00+00:00,DAL,NYG,1535,1538,-0.7,-3.0,28.0,20.0,8.0,8.7,11.0
2026-09-11T14:59:44+00:00,4798219,2026.0,1,2026-09-15T00:15:00+00:00,DEN,KC,1531,1534,2.67,2.5,31.0,10.0,21.0,18.33,18.5
2026-09-11T14:59:44+00:00,4798259,2026.0,1,2026-09-10T00:20:00+00:00,NE,SEA,1548,1525,5.68,3.0,13.0,10.0,3.0,2.68,0.0
2026-09-11T14:59:44+00:00,4798260,2026.0,1,2026-09-13T17:00:00+00:00,CHI,CAR,1545,1540,-1.23,-3.0,37.0,59.0,-22.0,20.77,19.0
2026-09-11T14:59:44+00:00,4798261,2026.0,1,2026-09-13T17:00:00+00:00,BAL,IND,1527,1521,1.37,-3.5,23.0,41.0,-18.0,19.37,14.5
2026-09-11T14:59:44+00:00,4798262,2026.0,1,2026-09-13T17:00:00+00:00,ATL,PIT,1519,1546,2.39,3.5,20.0,13.0,7.0,4.609999999999999,3.5
2026-09-11T14:59:44+00:00,4798263,2026.0,1,2026-09-13T17:00:00+00:00,TB,CIN,1522,1544,0.44,4.0,33.0,27.0,6.0,5.56,2.0
2026-09-11T14:59:44+00:00,4798264,2026.0,1,2026-09-13T17:00:00+00:00,NYJ,TEN,1528,1523,1.98,1.0,10.0,23.0,-13.0,14.98,14.0
2026-09-11T14:59:44+00:00,4798265,2026.0,1,2026-09-13T17:00:00+00:00,NO,DET,1539,1543,8.2,7.0,31.0,30.0,1.0,7.199999999999999,6.0
2026-09-11T14:59:44+00:00,4798266,2026.0,1,2026-09-13T17:00:00+00:00,BUF,HOU,1530,1526,0.54,-1.0,31.0,36.0,-5.0,5.54,4.0
2026-09-11T14:59:44+00:00,4798267,2026.0,1,2026-09-13T20:25:00+00:00,ARI,LAC,75380,1549,6.51,9.5,14.0,26.0,-12.0,18.51,21.5
2026-09-11T14:59:44+00:00,4798268,2026.0,1,2026-09-13T20:25:00+00:00,GB,MIN,1541,1542,2.24,1.0,39.0,22.0,17.0,14.76,16.0
2026-09-11T14:59:44+00:00,4798269,2026.0,1,2026-09-13T20:25:00+00:00,MIA,LV,1533,1524,-0.24,3.5,27.0,13.0,14.0,14.24,10.5
2026-09-11T14:59:44+00:00,4798270,2026.0,1,2026-09-13T20:25:00+00:00,WAS,PHI,1536,1537,5.61,4.5,24.0,22.0,2.0,3.61,2.5
2026-09-11T14:59:44+00:00,4798276,2026.0,1,2026-09-13T17:00:00+00:00,CLE,JAX,1529,1520,8.66,9.0,34.0,10.0,24.0,15.34,15.0
2026-09-15T14:00:24+00:00,4798194,2026.0,2,2026-09-18T00:15:00+00:00,DET,BUF,1526,1539,4.19,4.5,41.0,31.0,10.0,5.81,5.5
2026-09-15T14:00:24+00:00,4798282,2026.0,2,2026-09-20T17:00:00+00:00,PHI,TEN,1528,1536,-7.25,-7.0,20.0,24.0,-4.0,3.25,3.0
2026-09-15T14:00:24+00:00,4798285,2026.0,2,2026-09-20T17:00:00+00:00,PIT,NE,1525,1519,6.25,5.5,20.0,3.0,17.0,10.75,11.5
2026-09-15T14:00:24+00:00,4798287,2026.0,2,2026-09-20T17:00:00+00:00,MIN,CHI,1540,1541,2.97,5.5,3.0,9.0,-6.0,8.97,11.5
2026-09-15T14:00:24+00:00,4798289,2026.0,2,2026-09-20T17:00:00+00:00,CAR,ATL,1546,1545,4.06,-1.0,3.0,34.0,-31.0,35.06,30.0
2026-09-15T14:00:24+00:00,4798291,2026.0,2,2026-09-20T17:00:00+00:00,GB,NYJ,1523,1542,-5.62,-3.5,17.0,20.0,-3.0,2.62,0.5
2026-09-15T14:00:24+00:00,4798294,2026.0,2,2026-09-20T17:00:00+00:00,NO,BAL,1521,1543,8.13,8.5,17.0,24.0,-7.0,15.13,15.5
2026-09-15T14:00:24+00:00,4798296,2026.0,2,2026-09-20T17:00:00+00:00,CIN,HOU,1530,1522,7.22,3.0,6.0,20.0,-14.0,21.22,17.0
2026-09-15T14:00:24+00:00,4798298,2026.0,2,2026-09-20T17:00:00+00:00,CLE,TB,1544,1520,4.93,9.0,19.0,23.0,-4.0,8.93,13.0
2026-09-15T14:00:24+00:00,4798300,2026.0,2,2026-09-20T20:05:00+00:00,JAX,DEN,1534,1529,0.63,2.5,20.0,13.0,7.0,6.37,4.5
2026-09-15T14:00:24+00:00,4798303,2026.0,2,2026-09-20T20:05:00+00:00,LV,LAC,75380,1533,8.21,7.0,14.0,26.0,-12.0,20.21,19.0
2026-09-15T14:00:24+00:00,4798304,2026.0,2,2026-09-20T20:25:00+00:00,SEA,ARI,1549,1548,-8.28,-4.0,7.0,31.0,-24.0,15.72,20.0
2026-09-15T14:00:24+00:00,4798305,2026.0,2,2026-09-20T20:25:00+00:00,MIA,SF,1547,1524,8.43,13.5,35.0,13.0,22.0,13.57,8.5
2026-09-15T14:00:24+00:00,4798306,2026.0,2,2026-09-20T20:25:00+00:00,WAS,DAL,1538,1537,3.6,3.5,37.0,20.0,17.0,13.4,13.5
2026-09-15T14:00:24+00:00,4798307,2026.0,2,2026-09-21T00:20:00+00:00,IND,KC,1531,1527,4.42,6.5,33.0,30.0,3.0,1.42,3.5
2026-09-15T14:00:24+00:00,4798308,2026.0,2,2026-09-22T00:15:00+00:00,NYG,LA,1550,1535,8.73,7.0,28.0,6.0,22.0,13.27,15.0
2026-09-24T14:09:44+00:00,4797920,2026.0,3,2026-09-27T20:25:00+00:00,BAL,DAL,1538,1521,-3.49,-3.0,31.0,34.0,-3.0,0.4900000000000002,0.0
2026-09-24T14:09:44+00:00,4798309,2026.0,3,2026-09-25T00:15:00+00:00,ATL,GB,1542,1546,4.56,4.5,14.0,35.0,-21.0,25.56,25.5
2026-09-24T14:09:44+00:00,4798310,2026.0,3,2026-09-27T17:00:00+00:00,KC,MIA,1524,1531,-6.0,-11.5,10.0,24.0,-14.0,8.0,2.5
2026-09-27T13:35:14+00:00,4798311,2026.0,3,2026-09-27T17:00:00+00:00,CAR,CLE,1520,1545,1.74,-2.0,21.0,18.0,3.0,1.26,5.0
2026-09-27T13:35:14+00:00,4798312,2026.0,3,2026-09-27T17:00:00+00:00,TEN,NYG,1535,1528,9.05,2.5,12.0,7.0,5.0,4.050000000000001,2.5
2026-09-27T13:35:14+00:00,4798313,2026.0,3,2026-09-27T17:00:00+00:00,NE,JAX,1529,1525,6.62,3.0,35.0,6.0,29.0,22.38,26.0
2026-09-27T13:35:14+00:00,4798314,2026.0,3,2026-09-27T17:00:00+00:00,LAC,BUF,1526,75380,9.48,7.0,24.0,16.0,8.0,1.4800000000000004,1.0
2026-09-27T13:35:14+00:00,4798315,2026.0,3,2026-09-27T17:00:00+00:00,NYJ,DET,1539,1523,11.22,6.5,31.0,24.0,7.0,4.220000000000001,0.5
2026-09-24T14:09:44+00:00,4798316,2026.0,3,2026-09-27T17:00:00+00:00,HOU,IND,1527,1530,-2.34,-2.5,19.0,17.0,2.0,4.34,4.5
2026-09-24T14:09:44+00:00,4798317,2026.0,3,2026-09-27T17:00:00+00:00,SEA,WAS,1537,1548,-4.92,-7.0,33.0,31.0,2.0,6.92,9.0
2026-09-24T14:09:44+00:00,4798318,2026.0,3,2026-09-27T17:00:00+00:00,CIN,PIT,1519,1522,1.68,-3.5,30.0,27.0,3.0,1.32,6.5
2026-09-27T13:35:14+00:00,4798319,2026.0,3,2026-09-27T20:05:00+00:00,ARI,SF,1547,1549,10.67,7.5,36.0,30.0,6.0,4.67,1.5
2026-09-24T14:14:42+00:00,4798320,2026.0,3,2026-09-27T20:05:00+00:00,MIN,TB,1544,1541,-0.93,-1.5,16.0,23.0,-7.0,6.07,5.5
2026-09-27T13:35:14+00:00,4798321,2026.0,3,2026-09-27T20:25:00+00:00,LV,NO,1543,1533,3.59,3.5,27.0,35.0,-8.0,11.59,11.5
2026-09-24T14:09:44+00:00,4798322,2026.0,3,2026-09-28T00:20:00+00:00,LA,DEN,1534,1550,0.33,-2.5,30.0,26.0,4.0,3.67,6.5
2026-09-28T00:09:39+00:00,4798323,2026.0,3,2026-09-29T00:15:00+00:00,PHI,CHI,1540,1536,2.63,-3.5,27.0,7.0,20.0,17.37,23.5
2026-10-01T13:26:29+00:00,4798232,2026.0,4,2026-10-04T13:30:00+00:00,IND,WAS,1537,1527,-2.08,-3.5,13.0,30.0,-17.0,14.92,13.5
2026-10-01T13:26:29+00:00,4798324,2026.0,4,2026-10-02T00:15:00+00:00,PIT,CLE,1520,1519,0.97,-3.0,27.0,24.0,3.0,2.03,6.0
2026-10-01T13:26:29+00:00,4798325,2026.0,4,2026-10-04T17:00:00+00:00,ARI,NYG,1535,1549,3.91,-2.5,36.0,24.0,12.0,8.09,14.5
2026-10-01T13:26:29+00:00,4798326,2026.0,4,2026-10-04T17:00:00+00:00,NE,BUF,1526,1525,6.35,6.5,26.0,29.0,-3.0,9.35,9.5
2026-10-01T13:28:54+00:00,4798327,2026.0,4,2026-10-04T17:00:00+00:00,NYJ,CHI,1540,1523,10.03,3.0,23.0,12.0,11.0,0.9700000000000006,8.0
2026-10-01T13:26:29+00:00,4798328,2026.0,4,2026-10-04T17:00:00+00:00,DAL,HOU,1530,1538,1.25,3.0,30.0,34.0,-4.0,5.25,7.0
2026-10-01T13:26:29+00:00,4798329,2026.0,4,2026-10-04T17:00:00+00:00,LA,PHI,1536,1550,1.05,-3.0,20.0,24.0,-4.0,5.05,1.0
2026-10-01T13:26:29+00:00,4798330,2026.0,4,2026-10-04T17:00:00+00:00,GB,TB,1544,1542,0.65,-3.5,14.0,17.0,-3.0,3.65,0.5
2026-10-01T13:26:29+00:00,4798331,2026.0,4,2026-10-04T17:00:00+00:00,TEN,BAL,1521,1528,13.7,11.5,24.0,18.0,6.0,7.699999999999999,5.5
2026-10-01T13:26:29+00:00,4798332,2026.0,4,2026-10-04T17:00:00+00:00,JAX,CIN,1522,1529,-1.2,2.5,17.0,22.0,-5.0,3.8,7.5
2026-10-01T13:26:29+00:00,4798333,2026.0,4,2026-10-04T20:05:00+00:00,MIA,MIN,1541,1524,11.57,10.5,15.0,10.0,5.0,6.57,5.5
2026-10-01T13:26:29+00:00,4798334,2026.0,4,2026-10-04T20:25:00+00:00,KC,LV,1533,1531,-3.67,-4.5,27.0,30.0,-3.0,0.6699999999999999,1.5
2026-10-01T13:26:29+00:00,4798335,2026.0,4,2026-10-04T20:25:00+00:00,LAC,SEA,1548,75380,13.25,7.0,30.0,23.0,7.0,6.25,0.0
2026-10-01T13:26:29+00:00,4798336,2026.0,4,2026-10-04T20:25:00+00:00,DEN,SF,1547,1534,9.07,2.5,24.0,14.0,10.0,0.9299999999999996,7.5
2026-10-01T13:26:29+00:00,4798337,2026.0,4,2026-10-05T00:20:00+00:00,DET,CAR,1545,1539,-4.19,-3.5,32.0,26.0,6.0,10.19,9.5
2026-10-01T13:26:29+00:00,4798338,2026.0,4,2026-10-06T00:15:00+00:00,ATL,NO,1543,1546,5.44,2.5,24.0,45.0,-21.0,26.44,23.5
2026-10-08T17:42:27+00:00,4798233,2026.0,5,2026-10-11T13:30:00+00:00,PHI,JAX,1529,1536,10.06,7.5,,,,,
2026-10-08T17:42:27+00:00,4798339,2026.0,5,2026-10-09T00:15:00+00:00,TB,DAL,1538,1544,3.79,9.0,16.0,24.0,-8.0,11.79,17.0
2026-10-08T17:42:27+00:00,4798340,2026.0,5,2026-10-11T17:00:00+00:00,CLE,NYJ,1523,1520,-0.71,2.5,,,,,
2026-10-08T17:42:27+00:00,4798341,2026.0,5,2026-10-11T17:00:00+00:00,CIN,MIA,1524,1522,-6.24,-7.0,,,,,
2026-10-08T17:42:27+00:00,4798342,2026.0,5,2026-10-11T17:00:00+00:00,LV,NE,1525,1533,5.08,3.5,,,,,
2026-10-08T17:42:27+00:00,4798343,2026.0,5,2026-10-11T17:00:00+00:00,MIN,NO,1543,1541,-2.62,-2.0,,,,,
2026-10-08T17:42:27+00:00,4798344,2026.0,5,2026-10-11T17:00:00+00:00,HOU,TEN,1528,1530,-6.42,-7.5,,,,,
2026-10-08T17:42:27+00:00,4798345,2026.0,5,2026-10-11T17:00:00+00:00,NYG,WAS,1537,1535,1.99,3.5,,,,,
2026-10-08T17:42:27+00:00,4798346,2026.0,5,2026-10-11T17:00:00+00:00,IND,PIT,1519,1527,1.01,2.5,,,,,
2026-10-08T17:42:27+00:00,4798347,2026.0,5,2026-10-11T20:05:00+00:00,DEN,LAC,75380,1534,-1.19,-3.5,,,,,
2026-10-08T17:42:27+00:00,4798348,2026.0,5,2026-10-11T17:00:00+00:00,CHI,GB,1542,1540,-3.56,-1.5,,,,,
2026-10-08T17:42:27+00:00,4798349,2026.0,5,2026-10-11T20:25:00+00:00,DET,ARI,1549,1539,-7.82,-5.5,,,,,
2026-10-08T17:42:27+00:00,4798350,2026.0,5,2026-10-11T20:25:00+00:00,SF,SEA,1548,1547,2.28,3.0,,,,,
2026-10-08T17:42:27+00:00,4798351,2026.0,5,2026-10-12T00:20:00+00:00,BAL,ATL,1546,1521,-4.44,3.5,,,,,
2026-10-08T17:42:27+00:00,4798352,2026.0,5,2026-10-13T00:15:00+00:00,BUF,LA,1550,1526,-1.81,3.0,,,,,
